{
  "pipeline_version": "3.0.0",
  "trained_at": "2026-03-05T00:42:18.946626",
  "duration_seconds": 668.8,
  "data": {
    "train_rows": 725760,
    "val_rows": 155520,
    "test_rows": 155520,
    "n_features": 62
  },
  "models": {
    "energy": {
      "xgboost": {
        "mae": 0.31270893032888736,
        "rmse": 0.4753710061158615,
        "r2": 0.6694928637021352,
        "mape": 166.86292118570296
      },
      "lightgbm": {
        "mae": 0.3122500336358234,
        "rmse": 0.4743732251745871,
        "r2": 0.6708788448734847,
        "mape": 167.59610892422785
      },
      "ensemble": {
        "mae": 0.3119561652951885,
        "rmse": 0.4741361641281502,
        "r2": 0.6712077095992917,
        "mape": 167.06180744987188
      }
    },
    "anomaly": {
      "isolation_forest": {
        "precision": 0.0910976430976431,
        "recall": 0.4362745098039216,
        "f1": 0.15072308755041558,
        "auc": 0.6497799930666983
      },
      "autoencoder": {
        "precision": 0.37203847056063805,
        "recall": 0.20459236326109392,
        "f1": 0.2640033291718685,
        "auc": 0.6778220734645037
      },
      "combined": {
        "precision": 0.09659863945578231,
        "recall": 0.4762641898864809,
        "f1": 0.16061950752632037,
        "auc": 0.6855705973338733
      }
    },
    "maintenance": {
      "accuracy": 0.9923675411522633,
      "precision": 0.0,
      "recall": 0.0,
      "f1": 0.0,
      "auc_roc": 0.9502571767496852,
      "confusion_matrix": [
        [
          154333,
          0
        ],
        [
          1187,
          0
        ]
      ]
    },
    "optimization": {
      "episodes": 5000,
      "q_table_states": 45,
      "avg_reward_first_500": 1.7473656000000002,
      "avg_reward_last_500": 2.6083846000000004,
      "reward_improvement": 0.8610190000000002,
      "final_epsilon": 0.01
    }
  }
}