{
  "pipeline_version": "2.0.0",
  "trained_at": "2026-03-04T23:44:07.366318",
  "duration_seconds": 691.4,
  "data": {
    "train_rows": 725760,
    "val_rows": 155520,
    "test_rows": 155520,
    "n_features": 62
  },
  "models": {
    "energy": {
      "xgboost": {
        "mae": 0.31270893032888736,
        "rmse": 0.4753710061158615,
        "r2": 0.6694928637021352,
        "mape": 166.86292118570296
      },
      "lightgbm": {
        "mae": 0.3122512984786359,
        "rmse": 0.4743758165002484,
        "r2": 0.670875249129125,
        "mape": 167.60297759202177
      },
      "ensemble": {
        "mae": 0.31195679025143014,
        "rmse": 0.47413770605025013,
        "r2": 0.6712055710873553,
        "mape": 167.06591575690146
      }
    },
    "anomaly": {
      "isolation_forest": {
        "precision": 0.0910976430976431,
        "recall": 0.4362745098039216,
        "f1": 0.15072308755041558,
        "auc": 0.6497799930666983
      },
      "autoencoder": {
        "precision": 0.14806178956572427,
        "recall": 0.19659442724458204,
        "f1": 0.1689110556940981,
        "auc": 0.6266266128397853
      },
      "combined": {
        "precision": 0.09165638049216063,
        "recall": 0.4502063983488132,
        "f1": 0.15230530886556548,
        "auc": 0.6589576627426285
      }
    },
    "maintenance": {
      "accuracy": 0.9923675411522633,
      "precision": 0.0,
      "recall": 0.0,
      "f1": 0.0,
      "auc_roc": 0.9502571767496852,
      "confusion_matrix": [
        [
          154333,
          0
        ],
        [
          1187,
          0
        ]
      ]
    },
    "optimization": {
      "episodes": 5000,
      "q_table_states": 45,
      "avg_reward_first_500": 1.7473656000000002,
      "avg_reward_last_500": 2.6083846000000004,
      "reward_improvement": 0.8610190000000002,
      "final_epsilon": 0.01
    }
  }
}